image_path,wound_type,location,location_idx
Diabetic\100_0.jpg,Diabetic,lower_extremity,5
Diabetic\101_0.jpg,Diabetic,lower_extremity,5
Diabetic\102_0.jpg,Diabetic,lower_extremity,5
Diabetic\103_0.jpg,Diabetic,lower_extremity,5
Diabetic\104_0.jpg,Diabetic,lower_extremity,5
Diabetic\105_0.jpg,Diabetic,upper_extremity,4
Diabetic\106_0.jpg,Diabetic,upper_extremity,4
Diabetic\107_0.jpg,Diabetic,lower_extremity,5
Diabetic\108_0.jpg,Diabetic,lower_extremity,5
Diabetic\109_0.jpg,Diabetic,lower_extremity,5
Diabetic\10_0.jpg,Diabetic,upper_extremity,4
Diabetic\110_0.jpg,Diabetic,lower_extremity,5
Diabetic\111_0.jpg,Diabetic,lower_extremity,5
Diabetic\112_0.jpg,Diabetic,lower_extremity,5
Diabetic\113_0.jpg,Diabetic,lower_extremity,5
Diabetic\114_0.jpg,Diabetic,lower_extremity,5
Diabetic\115_0.jpg,Diabetic,lower_extremity,5
Diabetic\116_0.jpg,Diabetic,upper_extremity,4
Diabetic\117_0.jpg,Diabetic,lower_extremity,5
Diabetic\118_0.jpg,Diabetic,lower_extremity,5
Diabetic\119_0.jpg,Diabetic,lower_extremity,5
Diabetic\11_0.jpg,Diabetic,lower_extremity,5
Diabetic\120_0.jpg,Diabetic,lower_extremity,5
Diabetic\121_0.jpg,Diabetic,lower_extremity,5
Diabetic\122_0.jpg,Diabetic,lower_extremity,5
Diabetic\122_1.jpg,Diabetic,lower_extremity,5
Diabetic\123_0.jpg,Diabetic,lower_extremity,5
Diabetic\124_0.jpg,Diabetic,lower_extremity,5
Diabetic\125_0.jpg,Diabetic,lower_extremity,5
Diabetic\126_0.jpg,Diabetic,upper_extremity,4
Diabetic\127_0.jpg,Diabetic,upper_extremity,4
Diabetic\128_0.jpg,Diabetic,lower_extremity,5
Diabetic\129_0.jpg,Diabetic,lower_extremity,5
Diabetic\129_1.jpg,Diabetic,upper_extremity,4
Diabetic\129_2.jpg,Diabetic,upper_extremity,4
Diabetic\129_3.jpg,Diabetic,upper_extremity,4
Diabetic\12_0.jpg,Diabetic,lower_extremity,5
Diabetic\130_0.jpg,Diabetic,upper_extremity,4
Diabetic\131_0.jpg,Diabetic,lower_extremity,5
Diabetic\131_1.jpg,Diabetic,lower_extremity,5
Diabetic\132_0.jpg,Diabetic,lower_extremity,5
Diabetic\132_1.jpg,Diabetic,lower_extremity,5
Diabetic\133_0.jpg,Diabetic,lower_extremity,5
Diabetic\134_0.jpg,Diabetic,lower_extremity,5
Diabetic\134_1.jpg,Diabetic,lower_extremity,5
Diabetic\135_0.jpg,Diabetic,lower_extremity,5
Diabetic\136_0.jpg,Diabetic,lower_extremity,5
Diabetic\137_0.jpg,Diabetic,lower_extremity,5
Diabetic\138_0.jpg,Diabetic,upper_extremity,4
Diabetic\138_1.jpg,Diabetic,lower_extremity,5
Diabetic\139_0.jpg,Diabetic,lower_extremity,5
Diabetic\139_1.jpg,Diabetic,lower_extremity,5
Diabetic\13_0.jpg,Diabetic,lower_extremity,5
Diabetic\140_0.jpg,Diabetic,upper_extremity,4
Diabetic\141_0.jpg,Diabetic,lower_extremity,5
Diabetic\142_0.jpg,Diabetic,lower_extremity,5
Diabetic\143_0.jpg,Diabetic,upper_extremity,4
Diabetic\144_0.jpg,Diabetic,lower_extremity,5
Diabetic\145_0.jpg,Diabetic,upper_extremity,4
Diabetic\145_1.jpg,Diabetic,lower_extremity,5
Diabetic\146_0.jpg,Diabetic,lower_extremity,5
Diabetic\146_1.jpg,Diabetic,lower_extremity,5
Diabetic\146_2.jpg,Diabetic,upper_extremity,4
Diabetic\147_0.jpg,Diabetic,lower_extremity,5
Diabetic\147_1.jpg,Diabetic,lower_extremity,5
Diabetic\148_0.jpg,Diabetic,lower_extremity,5
Diabetic\149_0.jpg,Diabetic,lower_extremity,5
Diabetic\14_0.jpg,Diabetic,lower_extremity,5
Diabetic\150_0.jpg,Diabetic,lower_extremity,5
Diabetic\151_0.jpg,Diabetic,lower_extremity,5
Diabetic\152_0.jpg,Diabetic,lower_extremity,5
Diabetic\153_0.jpg,Diabetic,lower_extremity,5
Diabetic\154_0.jpg,Diabetic,lower_extremity,5
Diabetic\15_0.jpg,Diabetic,lower_extremity,5
Diabetic\16_0.jpg,Diabetic,upper_extremity,4
Diabetic\17_0.jpg,Diabetic,lower_extremity,5
Diabetic\18_0.jpg,Diabetic,lower_extremity,5
Diabetic\19_0.jpg,Diabetic,lower_extremity,5
Diabetic\1_0.jpg,Diabetic,lower_extremity,5
Diabetic\20_0.jpg,Diabetic,lower_extremity,5
Diabetic\21_0.jpg,Diabetic,lower_extremity,5
Diabetic\22_0.jpg,Diabetic,upper_extremity,4
Diabetic\23_0.jpg,Diabetic,lower_extremity,5
Diabetic\23_1.jpg,Diabetic,lower_extremity,5
Diabetic\24_0.jpg,Diabetic,lower_extremity,5
Diabetic\25_0.jpg,Diabetic,lower_extremity,5
Diabetic\25_1.jpg,Diabetic,lower_extremity,5
Diabetic\26_0.jpg,Diabetic,lower_extremity,5
Diabetic\27_0.jpg,Diabetic,lower_extremity,5
Diabetic\28_0.jpg,Diabetic,lower_extremity,5
Diabetic\29_0.jpg,Diabetic,lower_extremity,5
Diabetic\2_0.jpg,Diabetic,lower_extremity,5
Diabetic\30_0.jpg,Diabetic,lower_extremity,5
Diabetic\31_0.jpg,Diabetic,lower_extremity,5
Diabetic\32_0.jpg,Diabetic,upper_extremity,4
Diabetic\32_1.jpg,Diabetic,upper_extremity,4
Diabetic\33_0.jpg,Diabetic,lower_extremity,5
Diabetic\34_0.jpg,Diabetic,lower_extremity,5
Diabetic\35_0.jpg,Diabetic,lower_extremity,5
Diabetic\36_0.jpg,Diabetic,lower_extremity,5
Diabetic\37_0.jpg,Diabetic,lower_extremity,5
Diabetic\38_0.jpg,Diabetic,upper_extremity,4
Diabetic\39_0.jpg,Diabetic,lower_extremity,5
Diabetic\3_0.jpg,Diabetic,lower_extremity,5
Diabetic\40_0.jpg,Diabetic,lower_extremity,5
Diabetic\41_0.jpg,Diabetic,upper_extremity,4
Diabetic\42_0.jpg,Diabetic,lower_extremity,5
Diabetic\43_0.jpg,Diabetic,lower_extremity,5
Diabetic\44_0.jpg,Diabetic,lower_extremity,5
Diabetic\45_0.jpg,Diabetic,lower_extremity,5
Diabetic\45_1.jpg,Diabetic,lower_extremity,5
Diabetic\46_0.jpg,Diabetic,lower_extremity,5
Diabetic\47_0.jpg,Diabetic,lower_extremity,5
Diabetic\48_0.jpg,Diabetic,lower_extremity,5
Diabetic\49_0.jpg,Diabetic,lower_extremity,5
Diabetic\4_0.jpg,Diabetic,lower_extremity,5
Diabetic\50_0.jpg,Diabetic,upper_extremity,4
Diabetic\51_0.jpg,Diabetic,lower_extremity,5
Diabetic\52_0.jpg,Diabetic,lower_extremity,5
Diabetic\53_0.jpg,Diabetic,lower_extremity,5
Diabetic\54_0.jpg,Diabetic,upper_extremity,4
Diabetic\54_1.jpg,Diabetic,lower_extremity,5
Diabetic\55_0.jpg,Diabetic,upper_extremity,4
Diabetic\55_1.jpg,Diabetic,lower_extremity,5
Diabetic\56_0.jpg,Diabetic,lower_extremity,5
Diabetic\56_1.jpg,Diabetic,lower_extremity,5
Diabetic\56_2.jpg,Diabetic,upper_extremity,4
Diabetic\57_0.jpg,Diabetic,lower_extremity,5
Diabetic\58_0.jpg,Diabetic,lower_extremity,5
Diabetic\59_0.jpg,Diabetic,upper_extremity,4
Diabetic\5_0.jpg,Diabetic,upper_extremity,4
Diabetic\60_0.jpg,Diabetic,lower_extremity,5
Diabetic\61_0.jpg,Diabetic,lower_extremity,5
Diabetic\62_0.jpg,Diabetic,lower_extremity,5
Diabetic\63_0.jpg,Diabetic,lower_extremity,5
Diabetic\64_0.jpg,Diabetic,lower_extremity,5
Diabetic\64_1.jpg,Diabetic,upper_extremity,4
Diabetic\64_2.jpg,Diabetic,lower_extremity,5
Diabetic\65_0.jpg,Diabetic,lower_extremity,5
Diabetic\65_1.jpg,Diabetic,lower_extremity,5
Diabetic\66_0.jpg,Diabetic,lower_extremity,5
Diabetic\67_0.jpg,Diabetic,upper_extremity,4
Diabetic\68_0.jpg,Diabetic,upper_extremity,4
Diabetic\69_0.jpg,Diabetic,lower_extremity,5
Diabetic\6_0.jpg,Diabetic,lower_extremity,5
Diabetic\70_0.jpg,Diabetic,lower_extremity,5
Diabetic\70_1.jpg,Diabetic,lower_extremity,5
Diabetic\71_0.jpg,Diabetic,upper_extremity,4
Diabetic\72_0.jpg,Diabetic,lower_extremity,5
Diabetic\73_0.jpg,Diabetic,lower_extremity,5
Diabetic\74_0.jpg,Diabetic,lower_extremity,5
Diabetic\75_0.jpg,Diabetic,lower_extremity,5
Diabetic\76_0.jpg,Diabetic,lower_extremity,5
Diabetic\77_0.jpg,Diabetic,lower_extremity,5
Diabetic\78_0.jpg,Diabetic,lower_extremity,5
Diabetic\78_1.jpg,Diabetic,upper_extremity,4
Diabetic\79_0.jpg,Diabetic,lower_extremity,5
Diabetic\7_0.jpg,Diabetic,upper_extremity,4
Diabetic\7_1.jpg,Diabetic,lower_extremity,5
Diabetic\80_0.jpg,Diabetic,lower_extremity,5
Diabetic\81_0.jpg,Diabetic,lower_extremity,5
Diabetic\81_1.jpg,Diabetic,upper_extremity,4
Diabetic\82_0.jpg,Diabetic,lower_extremity,5
Diabetic\82_1.jpg,Diabetic,upper_extremity,4
Diabetic\83_0.jpg,Diabetic,lower_extremity,5
Diabetic\84_0.jpg,Diabetic,lower_extremity,5
Diabetic\85_0.jpg,Diabetic,lower_extremity,5
Diabetic\86_0.jpg,Diabetic,lower_extremity,5
Diabetic\87_0.jpg,Diabetic,lower_extremity,5
Diabetic\88_0.jpg,Diabetic,lower_extremity,5
Diabetic\89_0.jpg,Diabetic,lower_extremity,5
Diabetic\8_0.jpg,Diabetic,upper_extremity,4
Diabetic\90_0.jpg,Diabetic,lower_extremity,5
Diabetic\91_0.jpg,Diabetic,lower_extremity,5
Diabetic\92_0.jpg,Diabetic,lower_extremity,5
Diabetic\93_0.jpg,Diabetic,lower_extremity,5
Diabetic\94_0.jpg,Diabetic,lower_extremity,5
Diabetic\95_0.jpg,Diabetic,lower_extremity,5
Diabetic\96_0.jpg,Diabetic,lower_extremity,5
Diabetic\97_0.jpg,Diabetic,lower_extremity,5
Diabetic\98_0.jpg,Diabetic,lower_extremity,5
Diabetic\99_0.jpg,Diabetic,upper_extremity,4
Diabetic\9_0.jpg,Diabetic,lower_extremity,5
Diabetic\9_1.jpg,Diabetic,lower_extremity,5
Diabetic\9_2.jpg,Diabetic,lower_extremity,5
Pressure\100_0.jpg,Pressure,back,3
Pressure\10_0.jpg,Pressure,lower_extremity,5
Pressure\10_1.jpg,Pressure,lower_extremity,5
Pressure\10_2.jpg,Pressure,back,3
Pressure\10_3.jpg,Pressure,chest,1
Pressure\11_0.jpg,Pressure,back,3
Pressure\11_1.jpg,Pressure,chest,1
Pressure\11_2.jpg,Pressure,lower_extremity,5
Pressure\12_0.jpg,Pressure,chest,1
Pressure\13_0.jpg,Pressure,head_neck,0
Pressure\13_1.jpg,Pressure,head_neck,0
Pressure\13_2.jpg,Pressure,chest,1
Pressure\14_0.jpg,Pressure,chest,1
Pressure\15_0.jpg,Pressure,back,3
Pressure\16_0.jpg,Pressure,lower_extremity,5
Pressure\17_0.jpg,Pressure,back,3
Pressure\18_0.jpg,Pressure,back,3
Pressure\18_1.jpg,Pressure,lower_extremity,5
Pressure\19_0.jpg,Pressure,back,3
Pressure\1_0.jpg,Pressure,lower_extremity,5
Pressure\20_0.jpg,Pressure,lower_extremity,5
Pressure\21_0.jpg,Pressure,back,3
Pressure\22_0.jpg,Pressure,chest,1
Pressure\23_0.jpg,Pressure,back,3
Pressure\24_0.jpg,Pressure,chest,1
Pressure\25_0.jpg,Pressure,lower_extremity,5
Pressure\25_1.jpg,Pressure,head_neck,0
Pressure\25_2.jpg,Pressure,lower_extremity,5
Pressure\25_3.jpg,Pressure,back,3
Pressure\25_4.jpg,Pressure,chest,1
Pressure\26_0.jpg,Pressure,back,3
Pressure\26_1.jpg,Pressure,back,3
Pressure\27_0.jpg,Pressure,back,3
Pressure\28_0.jpg,Pressure,back,3
Pressure\29_0.jpg,Pressure,lower_extremity,5
Pressure\2_0.jpg,Pressure,back,3
Pressure\30_0.jpg,Pressure,back,3
Pressure\31_0.jpg,Pressure,back,3
Pressure\32_0.jpg,Pressure,lower_extremity,5
Pressure\33_0.jpg,Pressure,back,3
Pressure\34_0.jpg,Pressure,back,3
Pressure\35_0.jpg,Pressure,chest,1
Pressure\36_0.jpg,Pressure,lower_extremity,5
Pressure\37_0.jpg,Pressure,back,3
Pressure\38_0.jpg,Pressure,chest,1
Pressure\38_1.jpg,Pressure,back,3
Pressure\39_0.jpg,Pressure,back,3
Pressure\3_0.jpg,Pressure,back,3
Pressure\40_0.jpg,Pressure,back,3
Pressure\41_0.jpg,Pressure,lower_extremity,5
Pressure\41_1.jpg,Pressure,lower_extremity,5
Pressure\42_0.jpg,Pressure,lower_extremity,5
Pressure\43_0.jpg,Pressure,head_neck,0
Pressure\44_0.jpg,Pressure,lower_extremity,5
Pressure\45_0.jpg,Pressure,back,3
Pressure\46_0.jpg,Pressure,head_neck,0
Pressure\47_0.jpg,Pressure,chest,1
Pressure\48_0.jpg,Pressure,lower_extremity,5
Pressure\48_1.jpg,Pressure,chest,1
Pressure\48_2.jpg,Pressure,lower_extremity,5
Pressure\48_3.jpg,Pressure,back,3
Pressure\49_0.jpg,Pressure,back,3
Pressure\49_1.jpg,Pressure,chest,1
Pressure\49_2.jpg,Pressure,lower_extremity,5
Pressure\49_3.jpg,Pressure,back,3
Pressure\4_0.jpg,Pressure,lower_extremity,5
Pressure\50_0.jpg,Pressure,chest,1
Pressure\51_0.jpg,Pressure,head_neck,0
Pressure\52_0.jpg,Pressure,chest,1
Pressure\53_0.jpg,Pressure,lower_extremity,5
Pressure\54_0.jpg,Pressure,back,3
Pressure\55_0.jpg,Pressure,chest,1
Pressure\56_0.jpg,Pressure,lower_extremity,5
Pressure\57_0.jpg,Pressure,back,3
Pressure\58_0.jpg,Pressure,back,3
Pressure\59_0.jpg,Pressure,back,3
Pressure\59_1.jpg,Pressure,lower_extremity,5
Pressure\5_0.jpg,Pressure,lower_extremity,5
Pressure\60_0.jpg,Pressure,lower_extremity,5
Pressure\61_0.jpg,Pressure,head_neck,0
Pressure\62_0.jpg,Pressure,lower_extremity,5
Pressure\63_0.jpg,Pressure,back,3
Pressure\64_0.jpg,Pressure,back,3
Pressure\65_0.jpg,Pressure,chest,1
Pressure\66_0.jpg,Pressure,back,3
Pressure\67_0.jpg,Pressure,back,3
Pressure\68_0.jpg,Pressure,chest,1
Pressure\69_0.jpg,Pressure,chest,1
Pressure\69_1.jpg,Pressure,back,3
Pressure\6_0.jpg,Pressure,back,3
Pressure\6_1.jpg,Pressure,back,3
Pressure\71_0.jpg,Pressure,lower_extremity,5
Pressure\72_0.jpg,Pressure,back,3
Pressure\72_1.jpg,Pressure,back,3
Pressure\73_0.jpg,Pressure,lower_extremity,5
Pressure\74_0.jpg,Pressure,back,3
Pressure\75_0.jpg,Pressure,back,3
Pressure\75_1.jpg,Pressure,back,3
Pressure\75_2.jpg,Pressure,back,3
Pressure\75_3.jpg,Pressure,back,3
Pressure\76_0.jpg,Pressure,head_neck,0
Pressure\77_0.jpg,Pressure,chest,1
Pressure\78_0.jpg,Pressure,chest,1
Pressure\79_0.jpg,Pressure,back,3
Pressure\7_0.jpg,Pressure,back,3
Pressure\7_1.jpg,Pressure,chest,1
Pressure\80_0.jpg,Pressure,chest,1
Pressure\81_0.jpg,Pressure,back,3
Pressure\81_1.jpg,Pressure,chest,1
Pressure\81_2.jpg,Pressure,back,3
Pressure\81_3.jpg,Pressure,back,3
Pressure\82_0.jpg,Pressure,back,3
Pressure\82_1.jpg,Pressure,chest,1
Pressure\82_2.jpg,Pressure,back,3
Pressure\82_3.jpg,Pressure,lower_extremity,5
Pressure\83_0.jpg,Pressure,head_neck,0
Pressure\84_0.jpg,Pressure,lower_extremity,5
Pressure\85_0.jpg,Pressure,chest,1
Pressure\86_0.jpg,Pressure,back,3
Pressure\87_0.jpg,Pressure,back,3
Pressure\88_0.jpg,Pressure,back,3
Pressure\89_0.jpg,Pressure,lower_extremity,5
Pressure\8_0.jpg,Pressure,chest,1
Pressure\90_0.jpg,Pressure,back,3
Pressure\91_0.jpg,Pressure,back,3
Pressure\92_0.jpg,Pressure,chest,1
Pressure\93_0.jpg,Pressure,back,3
Pressure\94_0.jpg,Pressure,back,3
Pressure\95_0.jpg,Pressure,head_neck,0
Pressure\96_0.jpg,Pressure,back,3
Pressure\97_0.jpg,Pressure,lower_extremity,5
Pressure\98_0.jpg,Pressure,back,3
Pressure\99_0.jpg,Pressure,chest,1
Pressure\9_0.jpg,Pressure,back,3
Surgical\100_0.jpg,Surgical,abdomen,2
Surgical\101_0.jpg,Surgical,chest,1
Surgical\102_0.jpg,Surgical,chest,1
Surgical\103_0.jpg,Surgical,chest,1
Surgical\104_0.jpg,Surgical,abdomen,2
Surgical\105_0.jpg,Surgical,back,3
Surgical\106_0.jpg,Surgical,back,3
Surgical\107_0.jpg,Surgical,abdomen,2
Surgical\108_0.jpg,Surgical,abdomen,2
Surgical\109_0.jpg,Surgical,back,3
Surgical\10_0.jpg,Surgical,chest,1
Surgical\110_0.jpg,Surgical,back,3
Surgical\110_1.jpg,Surgical,chest,1
Surgical\111_0.jpg,Surgical,abdomen,2
Surgical\111_1.jpg,Surgical,back,3
Surgical\112_0.jpg,Surgical,abdomen,2
Surgical\113_0.jpg,Surgical,abdomen,2
Surgical\114_0.jpg,Surgical,abdomen,2
Surgical\115_0.jpg,Surgical,abdomen,2
Surgical\116_0.jpg,Surgical,abdomen,2
Surgical\117_0.jpg,Surgical,abdomen,2
Surgical\118_0.jpg,Surgical,chest,1
Surgical\119_0.jpg,Surgical,back,3
Surgical\11_0.jpg,Surgical,abdomen,2
Surgical\11_1.jpg,Surgical,abdomen,2
Surgical\11_2.jpg,Surgical,chest,1
Surgical\120_0.jpg,Surgical,chest,1
Surgical\121_0.jpg,Surgical,back,3
Surgical\122_0.jpg,Surgical,chest,1
Surgical\123_0.jpg,Surgical,chest,1
Surgical\124_0.jpg,Surgical,chest,1
Surgical\125_0.jpg,Surgical,chest,1
Surgical\126_0.jpg,Surgical,back,3
Surgical\127_0.jpg,Surgical,chest,1
Surgical\128_0.jpg,Surgical,abdomen,2
Surgical\12_0.jpg,Surgical,abdomen,2
Surgical\13_0.jpg,Surgical,abdomen,2
Surgical\13_1.jpg,Surgical,abdomen,2
Surgical\14_0.jpg,Surgical,abdomen,2
Surgical\15_0.jpg,Surgical,abdomen,2
Surgical\15_1.jpg,Surgical,abdomen,2
Surgical\16_0.jpg,Surgical,abdomen,2
Surgical\16_1.jpg,Surgical,back,3
Surgical\17_0.jpg,Surgical,back,3
Surgical\17_1.jpg,Surgical,abdomen,2
Surgical\18_0.jpg,Surgical,abdomen,2
Surgical\19_0.jpg,Surgical,chest,1
Surgical\19_1.jpg,Surgical,abdomen,2
Surgical\1_0.jpg,Surgical,abdomen,2
Surgical\20_0.jpg,Surgical,chest,1
Surgical\20_1.jpg,Surgical,chest,1
Surgical\21_0.jpg,Surgical,abdomen,2
Surgical\22_0.jpg,Surgical,chest,1
Surgical\23_0.jpg,Surgical,abdomen,2
Surgical\23_1.jpg,Surgical,abdomen,2
Surgical\24_0.jpg,Surgical,chest,1
Surgical\24_1.jpg,Surgical,abdomen,2
Surgical\25_0.jpg,Surgical,chest,1
Surgical\26_0.jpg,Surgical,abdomen,2
Surgical\26_1.jpg,Surgical,abdomen,2
Surgical\27_0.jpg,Surgical,abdomen,2
Surgical\28_0.jpg,Surgical,abdomen,2
Surgical\29_0.jpg,Surgical,chest,1
Surgical\29_1.jpg,Surgical,abdomen,2
Surgical\2_0.jpg,Surgical,back,3
Surgical\30_0.jpg,Surgical,chest,1
Surgical\31_0.jpg,Surgical,abdomen,2
Surgical\32_0.jpg,Surgical,back,3
Surgical\33_0.jpg,Surgical,chest,1
Surgical\34_0.jpg,Surgical,chest,1
Surgical\35_0.jpg,Surgical,chest,1
Surgical\36_0.jpg,Surgical,back,3
Surgical\37_0.jpg,Surgical,chest,1
Surgical\37_1.jpg,Surgical,back,3
Surgical\38_0.jpg,Surgical,chest,1
Surgical\39_0.jpg,Surgical,abdomen,2
Surgical\3_0.jpg,Surgical,chest,1
Surgical\40_0.jpg,Surgical,abdomen,2
Surgical\41_0.jpg,Surgical,abdomen,2
Surgical\42_0.jpg,Surgical,chest,1
Surgical\43_0.jpg,Surgical,abdomen,2
Surgical\44_0.jpg,Surgical,chest,1
Surgical\45_0.jpg,Surgical,chest,1
Surgical\46_0.jpg,Surgical,chest,1
Surgical\47_0.jpg,Surgical,abdomen,2
Surgical\48_0.jpg,Surgical,abdomen,2
Surgical\49_0.jpg,Surgical,abdomen,2
Surgical\49_1.jpg,Surgical,chest,1
Surgical\4_0.jpg,Surgical,abdomen,2
Surgical\50_0.jpg,Surgical,chest,1
Surgical\50_1.jpg,Surgical,back,3
Surgical\51_0.jpg,Surgical,abdomen,2
Surgical\51_1.jpg,Surgical,abdomen,2
Surgical\52_0.jpg,Surgical,chest,1
Surgical\52_1.jpg,Surgical,chest,1
Surgical\53_0.jpg,Surgical,chest,1
Surgical\54_0.jpg,Surgical,chest,1
Surgical\55_0.jpg,Surgical,chest,1
Surgical\56_0.jpg,Surgical,back,3
Surgical\57_0.jpg,Surgical,chest,1
Surgical\58_0.jpg,Surgical,back,3
Surgical\59_0.jpg,Surgical,abdomen,2
Surgical\5_0.jpg,Surgical,back,3
Surgical\5_1.jpg,Surgical,chest,1
Surgical\5_2.jpg,Surgical,chest,1
Surgical\60_0.jpg,Surgical,back,3
Surgical\60_1.jpg,Surgical,chest,1
Surgical\61_0.jpg,Surgical,abdomen,2
Surgical\62_0.jpg,Surgical,abdomen,2
Surgical\63_0.jpg,Surgical,chest,1
Surgical\64_0.jpg,Surgical,back,3
Surgical\64_1.jpg,Surgical,chest,1
Surgical\65_0.jpg,Surgical,chest,1
Surgical\66_0.jpg,Surgical,back,3
Surgical\67_0.jpg,Surgical,abdomen,2
Surgical\67_1.jpg,Surgical,chest,1
Surgical\68_0.jpg,Surgical,abdomen,2
Surgical\68_1.jpg,Surgical,chest,1
Surgical\69_0.jpg,Surgical,back,3
Surgical\6_0.jpg,Surgical,abdomen,2
Surgical\6_1.jpg,Surgical,chest,1
Surgical\70_0.jpg,Surgical,abdomen,2
Surgical\71_0.jpg,Surgical,abdomen,2
Surgical\72_0.jpg,Surgical,chest,1
Surgical\73_0.jpg,Surgical,abdomen,2
Surgical\74_0.jpg,Surgical,chest,1
Surgical\75_0.jpg,Surgical,back,3
Surgical\75_1.jpg,Surgical,chest,1
Surgical\76_0.jpg,Surgical,chest,1
Surgical\76_1.jpg,Surgical,chest,1
Surgical\76_2.jpg,Surgical,abdomen,2
Surgical\76_3.jpg,Surgical,abdomen,2
Surgical\76_4.jpg,Surgical,abdomen,2
Surgical\76_5.jpg,Surgical,chest,1
Surgical\76_6.jpg,Surgical,abdomen,2
Surgical\77_0.jpg,Surgical,chest,1
Surgical\77_1.jpg,Surgical,abdomen,2
Surgical\78_0.jpg,Surgical,chest,1
Surgical\79_0.jpg,Surgical,abdomen,2
Surgical\7_0.jpg,Surgical,abdomen,2
Surgical\80_0.jpg,Surgical,abdomen,2
Surgical\81_0.jpg,Surgical,chest,1
Surgical\82_0.jpg,Surgical,chest,1
Surgical\83_0.jpg,Surgical,back,3
Surgical\84_0.jpg,Surgical,abdomen,2
Surgical\85_0.jpg,Surgical,chest,1
Surgical\86_0.jpg,Surgical,abdomen,2
Surgical\87_0.jpg,Surgical,abdomen,2
Surgical\87_1.jpg,Surgical,chest,1
Surgical\88_0.jpg,Surgical,abdomen,2
Surgical\89_0.jpg,Surgical,chest,1
Surgical\8_0.jpg,Surgical,abdomen,2
Surgical\8_1.jpg,Surgical,abdomen,2
Surgical\90_0.jpg,Surgical,abdomen,2
Surgical\91_0.jpg,Surgical,chest,1
Surgical\92_0.jpg,Surgical,abdomen,2
Surgical\93_0.jpg,Surgical,abdomen,2
Surgical\94_0.jpg,Surgical,chest,1
Surgical\95_0.jpg,Surgical,back,3
Surgical\96_0.jpg,Surgical,chest,1
Surgical\97_0.jpg,Surgical,chest,1
Surgical\98_0.jpg,Surgical,chest,1
Surgical\99_0.jpg,Surgical,chest,1
Surgical\9_0.jpg,Surgical,back,3
Venous\100_0.jpg,Venous,lower_extremity,5
Venous\101_0.jpg,Venous,upper_extremity,4
Venous\101_1.jpg,Venous,lower_extremity,5
Venous\102_0.jpg,Venous,lower_extremity,5
Venous\103_0.jpg,Venous,upper_extremity,4
Venous\103_1.jpg,Venous,lower_extremity,5
Venous\104_0.jpg,Venous,lower_extremity,5
Venous\105_0.jpg,Venous,lower_extremity,5
Venous\106_0.jpg,Venous,lower_extremity,5
Venous\106_1.jpg,Venous,upper_extremity,4
Venous\107_0.jpg,Venous,lower_extremity,5
Venous\107_1.jpg,Venous,upper_extremity,4
Venous\108_0.jpg,Venous,lower_extremity,5
Venous\108_1.jpg,Venous,lower_extremity,5
Venous\109_0.jpg,Venous,lower_extremity,5
Venous\10_0.jpg,Venous,lower_extremity,5
Venous\110_0.jpg,Venous,lower_extremity,5
Venous\110_1.jpg,Venous,lower_extremity,5
Venous\110_2.jpg,Venous,lower_extremity,5
Venous\110_3.jpg,Venous,lower_extremity,5
Venous\111_0.jpg,Venous,lower_extremity,5
Venous\112_0.jpg,Venous,lower_extremity,5
Venous\113_0.jpg,Venous,lower_extremity,5
Venous\114_0.jpg,Venous,lower_extremity,5
Venous\114_1.jpg,Venous,lower_extremity,5
Venous\115_0.jpg,Venous,lower_extremity,5
Venous\115_1.jpg,Venous,lower_extremity,5
Venous\116_0.jpg,Venous,lower_extremity,5
Venous\117_0.jpg,Venous,lower_extremity,5
Venous\117_1.jpg,Venous,lower_extremity,5
Venous\118_0.jpg,Venous,lower_extremity,5
Venous\118_1.jpg,Venous,lower_extremity,5
Venous\118_2.jpg,Venous,lower_extremity,5
Venous\118_3.jpg,Venous,lower_extremity,5
Venous\119_0.jpg,Venous,lower_extremity,5
Venous\11_0.jpg,Venous,lower_extremity,5
Venous\11_1.jpg,Venous,upper_extremity,4
Venous\11_2.jpg,Venous,lower_extremity,5
Venous\11_3.jpg,Venous,lower_extremity,5
Venous\11_4.jpg,Venous,lower_extremity,5
Venous\11_5.jpg,Venous,lower_extremity,5
Venous\120_0.jpg,Venous,lower_extremity,5
Venous\121_0.jpg,Venous,lower_extremity,5
Venous\122_0.jpg,Venous,lower_extremity,5
Venous\122_1.jpg,Venous,lower_extremity,5
Venous\122_2.jpg,Venous,lower_extremity,5
Venous\122_3.jpg,Venous,lower_extremity,5
Venous\123_0.jpg,Venous,lower_extremity,5
Venous\124_0.jpg,Venous,lower_extremity,5
Venous\125_0.jpg,Venous,lower_extremity,5
Venous\126_0.jpg,Venous,lower_extremity,5
Venous\127_0.jpg,Venous,lower_extremity,5
Venous\128_0.jpg,Venous,lower_extremity,5
Venous\129_0.jpg,Venous,lower_extremity,5
Venous\130_0.jpg,Venous,lower_extremity,5
Venous\131_0.jpg,Venous,lower_extremity,5
Venous\132_0.jpg,Venous,lower_extremity,5
Venous\133_0.jpg,Venous,upper_extremity,4
Venous\134_0.jpg,Venous,lower_extremity,5
Venous\134_1.jpg,Venous,lower_extremity,5
Venous\136_0.jpg,Venous,lower_extremity,5
Venous\137_0.jpg,Venous,lower_extremity,5
Venous\137_1.jpg,Venous,lower_extremity,5
Venous\138_0.jpg,Venous,lower_extremity,5
Venous\138_1.jpg,Venous,lower_extremity,5
Venous\139_0.jpg,Venous,lower_extremity,5
Venous\13_0.jpg,Venous,lower_extremity,5
Venous\140_0.jpg,Venous,lower_extremity,5
Venous\140_1.jpg,Venous,lower_extremity,5
Venous\141_0.jpg,Venous,lower_extremity,5
Venous\141_1.jpg,Venous,lower_extremity,5
Venous\142_0.jpg,Venous,lower_extremity,5
Venous\143_0.jpg,Venous,lower_extremity,5
Venous\144_0.jpg,Venous,lower_extremity,5
Venous\144_1.jpg,Venous,lower_extremity,5
Venous\144_2.jpg,Venous,lower_extremity,5
Venous\144_3.jpg,Venous,lower_extremity,5
Venous\144_4.jpg,Venous,lower_extremity,5
Venous\145_0.jpg,Venous,upper_extremity,4
Venous\146_0.jpg,Venous,lower_extremity,5
Venous\147_0.jpg,Venous,lower_extremity,5
Venous\148_0.jpg,Venous,lower_extremity,5
Venous\149_0.jpg,Venous,lower_extremity,5
Venous\14_0.jpg,Venous,lower_extremity,5
Venous\150_0.jpg,Venous,lower_extremity,5
Venous\150_1.jpg,Venous,lower_extremity,5
Venous\151_0.jpg,Venous,upper_extremity,4
Venous\151_1.jpg,Venous,lower_extremity,5
Venous\152_0.jpg,Venous,lower_extremity,5
Venous\153_0.jpg,Venous,lower_extremity,5
Venous\153_1.jpg,Venous,lower_extremity,5
Venous\154_0.jpg,Venous,lower_extremity,5
Venous\155_0.jpg,Venous,lower_extremity,5
Venous\156_0.jpg,Venous,upper_extremity,4
Venous\156_1.jpg,Venous,lower_extremity,5
Venous\15_0.jpg,Venous,lower_extremity,5
Venous\16_0.jpg,Venous,lower_extremity,5
Venous\17_0.jpg,Venous,lower_extremity,5
Venous\17_1.jpg,Venous,lower_extremity,5
Venous\18_0.jpg,Venous,lower_extremity,5
Venous\19_0.jpg,Venous,lower_extremity,5
Venous\1_0.jpg,Venous,upper_extremity,4
Venous\20_0.jpg,Venous,lower_extremity,5
Venous\21_0.jpg,Venous,lower_extremity,5
Venous\22_0.jpg,Venous,lower_extremity,5
Venous\23_0.jpg,Venous,lower_extremity,5
Venous\23_1.jpg,Venous,lower_extremity,5
Venous\24_0.jpg,Venous,lower_extremity,5
Venous\25_0.jpg,Venous,lower_extremity,5
Venous\25_1.jpg,Venous,lower_extremity,5
Venous\25_2.jpg,Venous,lower_extremity,5
Venous\25_3.jpg,Venous,lower_extremity,5
Venous\26_0.jpg,Venous,lower_extremity,5
Venous\27_0.jpg,Venous,lower_extremity,5
Venous\29_0.jpg,Venous,lower_extremity,5
Venous\2_0.jpg,Venous,lower_extremity,5
Venous\30_0.jpg,Venous,lower_extremity,5
Venous\30_1.jpg,Venous,lower_extremity,5
Venous\31_0.jpg,Venous,lower_extremity,5
Venous\32_0.jpg,Venous,lower_extremity,5
Venous\33_0.jpg,Venous,lower_extremity,5
Venous\34_0.jpg,Venous,lower_extremity,5
Venous\35_0.jpg,Venous,lower_extremity,5
Venous\36_0.jpg,Venous,lower_extremity,5
Venous\37_0.jpg,Venous,lower_extremity,5
Venous\37_1.jpg,Venous,lower_extremity,5
Venous\37_2.jpg,Venous,upper_extremity,4
Venous\37_3.jpg,Venous,lower_extremity,5
Venous\38_0.jpg,Venous,lower_extremity,5
Venous\38_1.jpg,Venous,lower_extremity,5
Venous\39_0.jpg,Venous,lower_extremity,5
Venous\39_1.jpg,Venous,lower_extremity,5
Venous\3_0.jpg,Venous,lower_extremity,5
Venous\40_0.jpg,Venous,lower_extremity,5
Venous\40_1.jpg,Venous,lower_extremity,5
Venous\40_2.jpg,Venous,lower_extremity,5
Venous\40_3.jpg,Venous,lower_extremity,5
Venous\40_4.jpg,Venous,lower_extremity,5
Venous\40_5.jpg,Venous,lower_extremity,5
Venous\40_6.jpg,Venous,lower_extremity,5
Venous\40_7.jpg,Venous,lower_extremity,5
Venous\41_0.jpg,Venous,lower_extremity,5
Venous\41_1.jpg,Venous,lower_extremity,5
Venous\41_2.jpg,Venous,lower_extremity,5
Venous\42_0.jpg,Venous,lower_extremity,5
Venous\42_1.jpg,Venous,lower_extremity,5
Venous\42_2.jpg,Venous,lower_extremity,5
Venous\42_3.jpg,Venous,lower_extremity,5
Venous\43_0.jpg,Venous,lower_extremity,5
Venous\44_0.jpg,Venous,lower_extremity,5
Venous\45_0.jpg,Venous,lower_extremity,5
Venous\46_0.jpg,Venous,lower_extremity,5
Venous\46_1.jpg,Venous,lower_extremity,5
Venous\46_2.jpg,Venous,lower_extremity,5
Venous\46_3.jpg,Venous,lower_extremity,5
Venous\47_0.jpg,Venous,lower_extremity,5
Venous\47_1.jpg,Venous,upper_extremity,4
Venous\47_2.jpg,Venous,lower_extremity,5
Venous\48_0.jpg,Venous,lower_extremity,5
Venous\49_0.jpg,Venous,lower_extremity,5
Venous\4_0.jpg,Venous,lower_extremity,5
Venous\50_0.jpg,Venous,lower_extremity,5
Venous\51_0.jpg,Venous,lower_extremity,5
Venous\51_1.jpg,Venous,upper_extremity,4
Venous\52_0.jpg,Venous,lower_extremity,5
Venous\52_1.jpg,Venous,lower_extremity,5
Venous\53_0.jpg,Venous,lower_extremity,5
Venous\53_1.jpg,Venous,lower_extremity,5
Venous\53_2.jpg,Venous,lower_extremity,5
Venous\53_3.jpg,Venous,lower_extremity,5
Venous\53_4.jpg,Venous,lower_extremity,5
Venous\54_0.jpg,Venous,upper_extremity,4
Venous\54_1.jpg,Venous,lower_extremity,5
Venous\55_0.jpg,Venous,lower_extremity,5
Venous\56_0.jpg,Venous,upper_extremity,4
Venous\56_1.jpg,Venous,lower_extremity,5
Venous\57_0.jpg,Venous,lower_extremity,5
Venous\58_0.jpg,Venous,lower_extremity,5
Venous\59_0.jpg,Venous,lower_extremity,5
Venous\5_0.jpg,Venous,lower_extremity,5
Venous\5_1.jpg,Venous,upper_extremity,4
Venous\60_0.jpg,Venous,lower_extremity,5
Venous\60_1.jpg,Venous,lower_extremity,5
Venous\61_0.jpg,Venous,lower_extremity,5
Venous\62_0.jpg,Venous,lower_extremity,5
Venous\63_0.jpg,Venous,lower_extremity,5
Venous\63_1.jpg,Venous,lower_extremity,5
Venous\64_0.jpg,Venous,upper_extremity,4
Venous\64_1.jpg,Venous,upper_extremity,4
Venous\65_0.jpg,Venous,lower_extremity,5
Venous\66_0.jpg,Venous,lower_extremity,5
Venous\67_0.jpg,Venous,lower_extremity,5
Venous\67_1.jpg,Venous,lower_extremity,5
Venous\68_0.jpg,Venous,lower_extremity,5
Venous\68_1.jpg,Venous,lower_extremity,5
Venous\69_0.jpg,Venous,lower_extremity,5
Venous\6_0.jpg,Venous,upper_extremity,4
Venous\6_1.jpg,Venous,upper_extremity,4
Venous\6_2.jpg,Venous,lower_extremity,5
Venous\6_3.jpg,Venous,lower_extremity,5
Venous\70_0.jpg,Venous,lower_extremity,5
Venous\71_0.jpg,Venous,lower_extremity,5
Venous\72_0.jpg,Venous,lower_extremity,5
Venous\73_0.jpg,Venous,lower_extremity,5
Venous\74_0.jpg,Venous,lower_extremity,5
Venous\75_0.jpg,Venous,lower_extremity,5
Venous\75_1.jpg,Venous,upper_extremity,4
Venous\76_0.jpg,Venous,lower_extremity,5
Venous\77_0.jpg,Venous,lower_extremity,5
Venous\78_0.jpg,Venous,lower_extremity,5
Venous\78_1.jpg,Venous,lower_extremity,5
Venous\78_2.jpg,Venous,lower_extremity,5
Venous\78_3.jpg,Venous,lower_extremity,5
Venous\79_0.jpg,Venous,lower_extremity,5
Venous\7_0.jpg,Venous,lower_extremity,5
Venous\80_0.jpg,Venous,lower_extremity,5
Venous\81_0.jpg,Venous,lower_extremity,5
Venous\81_1.jpg,Venous,lower_extremity,5
Venous\82_0.jpg,Venous,lower_extremity,5
Venous\83_0.jpg,Venous,lower_extremity,5
Venous\84_0.jpg,Venous,lower_extremity,5
Venous\85_0.jpg,Venous,upper_extremity,4
Venous\86_0.jpg,Venous,lower_extremity,5
Venous\87_0.jpg,Venous,upper_extremity,4
Venous\87_1.jpg,Venous,lower_extremity,5
Venous\87_2.jpg,Venous,lower_extremity,5
Venous\87_3.jpg,Venous,lower_extremity,5
Venous\87_4.jpg,Venous,lower_extremity,5
Venous\88_0.jpg,Venous,upper_extremity,4
Venous\89_0.jpg,Venous,lower_extremity,5
Venous\8_0.jpg,Venous,lower_extremity,5
Venous\8_1.jpg,Venous,lower_extremity,5
Venous\90_0.jpg,Venous,lower_extremity,5
Venous\91_0.jpg,Venous,lower_extremity,5
Venous\91_1.jpg,Venous,lower_extremity,5
Venous\92_0.jpg,Venous,lower_extremity,5
Venous\93_0.jpg,Venous,lower_extremity,5
Venous\94_0.jpg,Venous,lower_extremity,5
Venous\95_0.jpg,Venous,lower_extremity,5
Venous\96_0.jpg,Venous,upper_extremity,4
Venous\97_0.jpg,Venous,lower_extremity,5
Venous\97_1.jpg,Venous,lower_extremity,5
Venous\97_2.jpg,Venous,lower_extremity,5
Venous\98_0.jpg,Venous,lower_extremity,5
Venous\98_1.jpg,Venous,lower_extremity,5
Venous\99_0.jpg,Venous,lower_extremity,5
Venous\9_0.jpg,Venous,lower_extremity,5
